Tissue	Odds_Ratio	P_value	FDR
Caudate	3.4044397418262617	7.393580069928153e-22	2.9574320279712614e-21
Dentate.Gyrus	2.2951246719160103	1.321453546864213e-11	1.321453546864213e-11
DLPFC	3.2444246322358783	8.694288417767338e-17	1.1745278749903193e-16
Hippocampus	3.2517565357395792	8.808959062427394e-17	1.1745278749903193e-16
