ID	Description	setSize	enrichmentScore	NES	pvalue	p.adjust	qvalues	rank	leading_edge	core_enrichment
C0751778	Myoclonic Epilepsies, Progressive	41	-0.717905420217842	-2.13162374388235	1.725766510598e-06	0.0172076178771727	0.0172076178771727	1434	tags=34%, list=11%, signal=31%	ATN1/CERS1/LY6E/KCNC1/CACNA1A/CSTB/ATXN2/LMNB2/CARS2/ARSA/KCTD7/CLN6/PWP2/SMN1
C0022577	Keratoconjunctivitis, Vernal	8	-0.936164680886925	-1.93584310971767	6.38471253251574e-06	0.0318309843308572	0.0318309843308572	71	tags=25%, list=1%, signal=25%	HMGB1/SMN1
