Modules	Pvalue	FDR	Tissue
MEblack	0.00760256322830602	0.0496645791373135	Dentate Gyrus
MEblue	0.672522301255084	0.819636554654634	Dentate Gyrus
MEbrown	0.296443956926712	0.523592038778421	Dentate Gyrus
MEcyan	0.156157933867499	0.406010628055497	Dentate Gyrus
MEdarkgreen	0.902959873744747	0.960491352522113	Dentate Gyrus
MEdarkgrey	0.000719029466373874	0.00934738306286036	Dentate Gyrus
MEdarkmagenta	0.319731471599311	0.523592038778421	Dentate Gyrus
MEdarkolivegreen	0.00166492505220105	0.0162330192589603	Dentate Gyrus
MEdarkorange	0.79012390721525	0.906318599452786	Dentate Gyrus
MEdarkred	0.384537141185729	0.576805711778593	Dentate Gyrus
MEdarkturquoise	0.461379261179444	0.642635399499939	Dentate Gyrus
MEgreen	0.73578210615343	0.8695606709086	Dentate Gyrus
MEgreenyellow	0.263516859596827	0.506132626782093	Dentate Gyrus
MEgrey	9.0321279821401e-06	0.000176126495651732	Dentate Gyrus
MEgrey60	4.71160805448192e-08	1.83752714124795e-06	Dentate Gyrus
MElightcyan	0.00944359055732785	0.0496645791373135	Dentate Gyrus
MElightgreen	0.97898815187317	0.97898815187317	Dentate Gyrus
MElightyellow	0.615533214875186	0.774380496133298	Dentate Gyrus
MEmagenta	0.00774941826117823	0.0496645791373135	Dentate Gyrus
MEmidnightblue	0.961517723727023	0.97898815187317	Dentate Gyrus
MEorange	0.418807624103464	0.604944345927226	Dentate Gyrus
MEpaleturquoise	0.0696360784990481	0.208908235497144	Dentate Gyrus
MEpink	0.911235385726108	0.960491352522113	Dentate Gyrus
MEplum1	0.222101820041291	0.506132626782093	Dentate Gyrus
MEpurple	0.521394197770988	0.70118530045064	Dentate Gyrus
MEred	0.0144609226228054	0.0512705438444918	Dentate Gyrus
MEroyalblue	0.328549309145917	0.523592038778421	Dentate Gyrus
MEsaddlebrown	0.209175421257232	0.506132626782093	Dentate Gyrus
MEsalmon	0.886848570511874	0.960491352522113	Dentate Gyrus
MEsienna3	0.0122175304443146	0.0512705438444918	Dentate Gyrus
MEskyblue	0.0101876059768848	0.0496645791373135	Dentate Gyrus
MEskyblue3	0.0529923095260588	0.172225005959691	Dentate Gyrus
MEsteelblue	0.0140530975688385	0.0512705438444918	Dentate Gyrus
MEtan	0.240080414581527	0.506132626782093	Dentate Gyrus
MEturquoise	0.13806664605751	0.384614228303063	Dentate Gyrus
MEviolet	0.252107857231084	0.506132626782093	Dentate Gyrus
MEwhite	0.33563592229386	0.523592038778421	Dentate Gyrus
MEyellow	0.272532952882665	0.506132626782093	Dentate Gyrus
MEyellowgreen	0.591446106906393	0.768879938978311	Dentate Gyrus
