ID	Description	setSize	enrichmentScore	NES	pvalue	p.adjust	qvalue	rank	leading_edge	core_enrichment
GO:0016417	S-acyltransferase activity	26	0.802264038173379	1.8945019094076	5.68582711506222e-05	0.0229878815882214	0.0227162739647301	812	tags=23%, list=6%, signal=22%	ZDHHC11/GLUL/ZDHHC11B/ZDHHC23/ZDHHC1/ZDHHC16
GO:0019706	protein-cysteine S-palmitoyltransferase activity	22	0.833303177378578	1.86434023935247	7.03710660863921e-05	0.0229878815882214	0.0227162739647301	812	tags=27%, list=6%, signal=26%	ZDHHC11/GLUL/ZDHHC11B/ZDHHC23/ZDHHC1/ZDHHC16
GO:0019707	protein-cysteine S-acyltransferase activity	22	0.833303177378578	1.86434023935247	7.03710660863921e-05	0.0229878815882214	0.0227162739647301	812	tags=27%, list=6%, signal=26%	ZDHHC11/GLUL/ZDHHC11B/ZDHHC23/ZDHHC1/ZDHHC16
