ID	Description	setSize	enrichmentScore	NES	pvalue	p.adjust	qvalues	rank	leading_edge	core_enrichment
C2747816	Complicated malaria	73	0.60929404791432	2.07707099165032	2.11569199737979e-06	0.0144022023052226	0.0140010636181194	949	tags=25%, list=7%, signal=23%	HLA-A/SMN1/ABCB1/NFE2L2/ENOSF1/GEM/DNAJB1/BCL6/MCCC1/GNB3/RGS2/CMC2/TLR6/POU2F1/ACKR1/LMLN/MXD1/IL10RA
C0036472	Scrub Typhus	34	0.722813443785839	2.14108699264252	2.89026737010287e-06	0.0144022023052226	0.0140010636181194	717	tags=24%, list=5%, signal=22%	FOS/HLA-A/FOSB/AHSA1/HLA-C/HSPD1/RNF19A/XPO1
