ID	Description	setSize	enrichmentScore	NES	pvalue	p.adjust	qvalues	rank	leading_edge	core_enrichment
GO:0006954	inflammatory response	319	0.401734152626699	1.63795490855526	5.40610331994264e-06	0.0280684884371422	0.0274857674056031	1770	tags=23%, list=13%, signal=20%	ENSG00000170345/ENSG00000130164/ENSG00000130775/ENSG00000116044/ENSG00000114861/ENSG00000134250/ENSG00000167191/ENSG00000000457/ENSG00000173208/ENSG00000019991/ENSG00000198964/ENSG00000115414/ENSG00000092531/ENSG00000155111/ENSG00000113916/ENSG00000159840/ENSG00000105499/ENSG00000110330/ENSG00000179094/ENSG00000132842/ENSG00000166484/ENSG00000154124/ENSG00000144381/ENSG00000030582/ENSG00000155897/ENSG00000103222/ENSG00000188906/ENSG00000109320/ENSG00000137801/ENSG00000174130/ENSG00000213088/ENSG00000184304/ENSG00000108840/ENSG00000100784/ENSG00000085871/ENSG00000139687/ENSG00000072736/ENSG00000104365/ENSG00000137275/ENSG00000169432/ENSG00000070501/ENSG00000245532/ENSG00000138623/ENSG00000136044/ENSG00000164535/ENSG00000186792/ENSG00000110492/ENSG00000105483/ENSG00000147316/ENSG00000157404/ENSG00000136848/ENSG00000022556/ENSG00000161048/ENSG00000198961/ENSG00000131871/ENSG00000107798/ENSG00000118785/ENSG00000175354/ENSG00000204574/ENSG00000164327/ENSG00000048052/ENSG00000143369/ENSG00000078747/ENSG00000086062/ENSG00000141867/ENSG00000014123/ENSG00000126368/ENSG00000134070/ENSG00000137509/ENSG00000132522/ENSG00000166086/ENSG00000170458/ENSG00000113360
