ID	Description	setSize	enrichmentScore	NES	pvalue	p.adjust	qvalues	rank	leading_edge	core_enrichment
GO:0023023	MHC protein complex binding	21	-0.924175386822576	-1.82634850098136	2.18668277287661e-05	0.0201533537561819	0.0201533537561819	525	tags=48%, list=4%, signal=46%	HLA-DRA/HLA-DPA1/TAPBPL/B2M/HLA-DMA/CD74/KLRD1/HLA-DPB1/CD4/HLA-DQB1
GO:0042277	peptide binding	214	-0.615094203086084	-1.67291002308572	4.12712528243035e-05	0.0201533537561819	0.0201533537561819	1251	tags=18%, list=9%, signal=16%	TAP1/OXTR/HLA-F/SORL1/HSPG2/MCHR1/HLA-E/APBA3/ACHE/TAPBP/TUBB3/SSTR3/GSTM4/GSTM3/CEMIP/RXRA/PTH1R/HLA-DRA/HLA-DPA1/ADRB2/DHCR24/OPRL1/CTSV/TAP2/TLR1/CD36/CHRNA7/HLA-A/ITGAM/HLA-B/CD74/TLR6/HLA-DPB1/OPRK1/KDELR3/OPRM1/SLC7A9/HLA-DQB1
GO:0023026	MHC class II protein complex binding	17	-0.934628466392064	-1.7839931753992	5.99207742998472e-05	0.0201533537561819	0.0201533537561819	525	tags=47%, list=4%, signal=45%	HLA-DRA/HLA-DPA1/B2M/HLA-DMA/CD74/HLA-DPB1/CD4/HLA-DQB1
GO:0005347	ATP transmembrane transporter activity	10	-0.966064828807445	-1.67889779332468	0.000103000474943463	0.0259818698044885	0.0259818698044885	115	tags=40%, list=1%, signal=40%	SLC25A17/SLC17A9/SLC25A6/SLC25A41
