ID	Description	setSize	enrichmentScore	NES	pvalue	p.adjust	qvalues	rank	leading_edge	core_enrichment
GO:0098552	side of membrane	330	0.599721090898547	1.63783632783493	5.99456696330123e-06	0.00408230010200814	0.00395641419577881	1434	tags=22%, list=10%, signal=20%	ENSG00000179344/ENSG00000204428/ENSG00000231389/ENSG00000177575/ENSG00000144648/ENSG00000170458/ENSG00000204516/ENSG00000111664/ENSG00000064270/ENSG00000160255/ENSG00000175318/ENSG00000196126/ENSG00000106991/ENSG00000140545/ENSG00000177675/ENSG00000254087/ENSG00000101204/ENSG00000085563/ENSG00000019582/ENSG00000204655/ENSG00000086062/ENSG00000241399/ENSG00000134242/ENSG00000137801/ENSG00000169896/ENSG00000068001/ENSG00000155926/ENSG00000119535/ENSG00000091513/ENSG00000165091/ENSG00000118777/ENSG00000182511/ENSG00000117154/ENSG00000173706/ENSG00000186469/ENSG00000157873/ENSG00000138448/ENSG00000081237/ENSG00000169313/ENSG00000123496/ENSG00000204520/ENSG00000130164/ENSG00000111816/ENSG00000140678/ENSG00000204287/ENSG00000107611/ENSG00000223865/ENSG00000176105/ENSG00000112149/ENSG00000129244/ENSG00000076706/ENSG00000153563/ENSG00000185924/ENSG00000103257/ENSG00000114450/ENSG00000165810/ENSG00000187244/ENSG00000169895/ENSG00000163513/ENSG00000099864/ENSG00000104998/ENSG00000117525/ENSG00000102225/ENSG00000176435/ENSG00000100345/ENSG00000138814/ENSG00000096996/ENSG00000108669/ENSG00000156049/ENSG00000073712/ENSG00000134853/ENSG00000176533/ENSG00000104870
GO:0035579	specific granule membrane	58	0.797397188376412	1.80762673513218	7.19870044437307e-05	0.0245115750130903	0.0237557114664311	872	tags=19%, list=6%, signal=18%	ENSG00000165168/ENSG00000160255/ENSG00000196187/ENSG00000142583/ENSG00000169896/ENSG00000051523/ENSG00000138448/ENSG00000028137/ENSG00000141524/ENSG00000181467/ENSG00000148175
