ID	Description	setSize	enrichmentScore	NES	pvalue	p.adjust	qvalues	rank	leading_edge	core_enrichment
GO:0098552	side of membrane	330	0.579594845260638	1.57259574099949	6.85500361194834e-05	0.0466825745973682	0.0437277072509547	1539	tags=22%, list=11%, signal=20%	ENSG00000204428/ENSG00000231389/ENSG00000179344/ENSG00000086062/ENSG00000169313/ENSG00000019582/ENSG00000085563/ENSG00000118777/ENSG00000170458/ENSG00000168329/ENSG00000081237/ENSG00000137801/ENSG00000165091/ENSG00000254505/ENSG00000254087/ENSG00000159958/ENSG00000068001/ENSG00000119535/ENSG00000182511/ENSG00000196126/ENSG00000106991/ENSG00000186469/ENSG00000104870/ENSG00000111664/ENSG00000204516/ENSG00000099864/ENSG00000111816/ENSG00000160255/ENSG00000140545/ENSG00000169896/ENSG00000204520/ENSG00000134242/ENSG00000173706/ENSG00000064270/ENSG00000140678/ENSG00000241399/ENSG00000104998/ENSG00000138814/ENSG00000163606/ENSG00000177575/ENSG00000144648/ENSG00000125257/ENSG00000157873/ENSG00000114450/ENSG00000160712/ENSG00000176105/ENSG00000155926/ENSG00000272398/ENSG00000169895/ENSG00000076706/ENSG00000185924/ENSG00000026103/ENSG00000107611/ENSG00000010610/ENSG00000117525/ENSG00000138448/ENSG00000176435/ENSG00000179841/ENSG00000061938/ENSG00000103257/ENSG00000123496/ENSG00000163513/ENSG00000153563/ENSG00000130164/ENSG00000040608/ENSG00000102225/ENSG00000156049/ENSG00000108669/ENSG00000251322/ENSG00000240053/ENSG00000073712/ENSG00000096996/ENSG00000204287
