ID	Description	GeneRatio	BgRatio	pvalue	p.adjust	qvalue	geneID	Count
GO:0004888	transmembrane signaling receptor activity	37/469	417/12398	1.24608143242465e-06	0.000793753872454503	0.00073846720679482	CD14/CD74/CSF1R/CSF3R/CX3CR1/ENG/FGFR4/FLT4/GABRA6/HLA-DPA1/HLA-DQB1/IL10RA/KLRD1/NPY1R/DDR2/OPRK1/OPRL1/P2RX4/PTPRC/SMO/TIE1/TLR1/TLR3/CRLF1/LYVE1/TAS2R3/GP6/GPR88/GPR85/TAS2R5/PLXNA3/GPRC5C/VN1R1/ADGRL4/P2RY12/OPN4/IL17RE	37
GO:0005539	glycosaminoglycan binding	16/469	130/12398	3.11610187804224e-05	0.00899963027246346	0.00837278665355189	COL5A1/HAPLN1/ECM2/ENG/FGFR4/CFH/PTPRC/HYAL2/SEMA5A/LYVE1/STAB1/COL5A3/GREM2/CRISPLD2/FGFBP3/AGRN	16
GO:0043394	proteoglycan binding	7/469	27/12398	4.87106871592418e-05	0.00899963027246346	0.00837278665355189	COL5A1/CFH/PTPRC/SEMA5A/HPSE/COL5A3/AGRN	7
GO:0019838	growth factor binding	13/469	95/12398	5.65125919777925e-05	0.00899963027246346	0.00837278665355189	A2M/COL1A2/COL5A1/ENG/FGFR4/FLT4/IGFBP3/IL10RA/ITGB4/HYAL2/RHBDF2/NKD2/FGFBP3	13
GO:0140375	immune receptor activity	9/469	55/12398	0.000198254926731551	0.021317360844478	0.0198325607790483	CD74/CSF3R/CX3CR1/HLA-DPA1/HLA-DQB1/IL10RA/KLRD1/CRLF1/IL17RE	9
GO:0005501	retinoid binding	5/469	16/12398	0.000234256712576681	0.021317360844478	0.0198325607790483	CRABP2/FABP5/LRAT/CYP26B1/OPN4	5
GO:0019840	isoprenoid binding	5/469	16/12398	0.000234256712576681	0.021317360844478	0.0198325607790483	CRABP2/FABP5/LRAT/CYP26B1/OPN4	5
GO:0019955	cytokine binding	10/469	74/12398	0.000446170460139	0.0355263228885679	0.0330518380339812	A2M/CD74/CSF1R/CSF3R/CX3CR1/ENG/IL10RA/HYAL2/CRLF1/GREM2	10
GO:0043395	heparan sulfate proteoglycan binding	4/469	11/12398	0.000539690677298504	0.0381981068265719	0.0355375264700653	CFH/PTPRC/SEMA5A/AGRN	4
