ID	Description	GeneRatio	BgRatio	pvalue	p.adjust	qvalue	geneID	Count
C4551571	Cranioectodermal dysplasia	7/933	8/8475	1.38957626244227e-06	0.00905586850233629	0.00891376604560338	DPH1/IFT140/IFT52/IFT122/WDR35/WDR19/IFT43	7
C0265275	Jeune thoracic dystrophy	11/933	23/8475	1.0502389110956e-05	0.0181352751391957	0.0178507008711239	CFAP410/LBR/IFT140/KIAA0586/IFT172/IFT81/FLVCR1/DYNC2LI1/WDR35/WDR19/DYNC2H1	11
C1837482	Thoracic hypoplasia	11/933	23/8475	1.0502389110956e-05	0.0181352751391957	0.0178507008711239	CFAP410/COL11A1/FLNB/SOX9/KIAA0586/IFT172/IFT81/DYNC2LI1/WDR19/DYNC2H1/IFT43	11
C0432235	CRANIOECTODERMAL DYSPLASIA 1	6/933	7/8475	1.11310573203595e-05	0.0181352751391957	0.0178507008711239	DPH1/IFT52/IFT122/WDR35/WDR19/IFT43	6
C3806482	Recurrent respiratory infections	34/933	146/8475	1.50921909212159e-05	0.0196711616467129	0.0193624866260821	XIAP/CACNA1B/LYST/DKC1/FUCA1/GAA/GTF2I/ITGA7/MCM4/PSAP/NECTIN1/RYR1/SMN1/SNAP25/SNRPN/STAT1/TSC1/TYK2/ARID1A/TRIP4/KIAA0586/ZBTB24/MALT1/POLR3A/VPS13A/DNAH1/RTEL1/HYDIN/NGLY1/SELENON/EPG5/EHMT1/CTC1/RSPH3	34
C0036996	Short Rib-Polydactyly Syndrome	9/933	17/8475	2.44702414308087e-05	0.02657876056743	0.0261616932069032	IFT140/KIAA0586/IFT172/FLVCR1/IFT52/DYNC2LI1/WDR35/DYNC2H1/IFT43	9
