Modules	Pvalue	FDR	Tissue
MEblack	0.575436654202495	0.94849212883597	Hippocampus
MEblue	0.741257599521059	0.94849212883597	Hippocampus
MEbrown	0.388370429787041	0.94849212883597	Hippocampus
MEcyan	0.128147434678182	0.94849212883597	Hippocampus
MEdarkgreen	0.728963951664939	0.94849212883597	Hippocampus
MEdarkgrey	0.910552443682531	0.94849212883597	Hippocampus
MEdarkred	0.646254656535089	0.94849212883597	Hippocampus
MEdarkturquoise	0.623077595577219	0.94849212883597	Hippocampus
MEgreen	0.12102392892369	0.94849212883597	Hippocampus
MEgreenyellow	0.829698493483106	0.94849212883597	Hippocampus
MEgrey	0.638298199549524	0.94849212883597	Hippocampus
MEgrey60	0.740705321362609	0.94849212883597	Hippocampus
MElightcyan	0.948541674674384	0.948541674674384	Hippocampus
MElightgreen	0.876153776631357	0.94849212883597	Hippocampus
MElightyellow	0.857434035336617	0.94849212883597	Hippocampus
MEmagenta	0.664164672176143	0.94849212883597	Hippocampus
MEmidnightblue	0.776321284377927	0.94849212883597	Hippocampus
MEpink	0.787687998874679	0.94849212883597	Hippocampus
MEpurple	0.464616153862369	0.94849212883597	Hippocampus
MEred	0.166047695330338	0.94849212883597	Hippocampus
MEroyalblue	0.83907731538949	0.94849212883597	Hippocampus
MEsalmon	0.846090731150035	0.94849212883597	Hippocampus
MEtan	0.404813046621815	0.94849212883597	Hippocampus
MEturquoise	0.754125512494671	0.94849212883597	Hippocampus
MEyellow	0.614696053639568	0.94849212883597	Hippocampus
