ID	Description	setSize	enrichmentScore	NES	pvalue	p.adjust	qvalue	rank	leading_edge	core_enrichment
GO:0005347	ATP transmembrane transporter activity	11	-0.964184510643765	-1.74149783051177	2.26245358818589e-05	0.0226924094895045	0.0226924094895045	112	tags=36%, list=1%, signal=36%	SLC25A17/SLC17A9/SLC25A6/SLC25A41
GO:0000295	adenine nucleotide transmembrane transporter activity	17	-0.912208689714751	-1.75539512020221	0.000171318298646404	0.0343664507084686	0.0343664507084686	112	tags=35%, list=1%, signal=35%	ABCD1/SLC33A1/LRRC8A/SLC17A9/SLC25A6/SLC25A41
GO:0005346	purine ribonucleotide transmembrane transporter activity	17	-0.912208689714751	-1.75539512020221	0.000171318298646404	0.0343664507084686	0.0343664507084686	112	tags=35%, list=1%, signal=35%	ABCD1/SLC33A1/LRRC8A/SLC17A9/SLC25A6/SLC25A41
GO:0015215	nucleotide transmembrane transporter activity	25	-0.876969509230588	-1.75324508861691	0.000123854955823694	0.0343664507084686	0.0343664507084686	112	tags=24%, list=1%, signal=24%	ABCD1/SLC33A1/LRRC8A/SLC17A9/SLC25A6/SLC25A41
GO:0015216	purine nucleotide transmembrane transporter activity	19	-0.902586665617695	-1.74246688543305	0.00012731166253453	0.0343664507084686	0.0343664507084686	112	tags=32%, list=1%, signal=31%	ABCD1/SLC33A1/LRRC8A/SLC17A9/SLC25A6/SLC25A41
