ID	Description	setSize	enrichmentScore	NES	pvalue	p.adjust	qvalue	rank	leading_edge	core_enrichment
GO:0098552	side of membrane	326	0.577057173126936	1.55832387538307	3.06802592923011e-05	0.021506861763903	0.021411591485048	1552	tags=23%, list=11%, signal=21%	CD163/ACKR2/CD14/GNB3/ATP2C2/ITGB2/GRAMD2A/ENG/MFGE8/CD163L1/LYN/CHRNA4/ABCB1/CD74/B4GALT1/CD302/PTPN22/THBS1/ITGAM/HYAL2/SLA/IL4R/CSF3R/TF/CLEC4G/TMC1/ABCG2/FES/IGSF21/HEG1/GNG2/TNFRSF14/ITGAV/PTPRC/IL13RA2/LDLR/ITGA8/FRK/ITGAX/CUBN/YES1/CD83/ATP1B2/MCAM/CD8A/ITGA5/ITGA10/SLC7A5/GNB4/BTNL9/BCAM/SYAP1/TGFBR2/PALM/IL27RA/BORCS8/F3/CDK16/CLEC14A/MYH9/TCN2/PPP3CA/IL12RB1/CYTH1/GNA14/FERMT2/PDGFRA/GNG7/FCGRT/CD200R1/TNK2/CDH13/PGM5/AKAP5
GO:0035579	specific granule membrane	58	0.797635780022379	1.77555207249764	6.16763285087336e-05	0.0216175531423111	0.0215217925269949	854	tags=19%, list=6%, signal=18%	CYBB/ITGB2/TMEM63A/SLC2A5/ITGAM/CYBA/ITGAV/TNFRSF1B/TMC6/RAP2B/STOM
GO:0034719	SMN-Sm protein complex	16	-0.927414596141212	-1.74010678381469	0.000154732901418721	0.0271169409736309	0.0269968193791085	2	tags=12%, list=0%, signal=13%	GEMIN5/SMN1
GO:0097504	Gemini of coiled bodies	11	-0.960260538741193	-1.70976250696086	0.000137499520493174	0.0271169409736309	0.0269968193791085	2	tags=18%, list=0%, signal=18%	GEMIN5/SMN1
