ID	Description	setSize	enrichmentScore	NES	pvalue	p.adjust	qvalue	rank	leading_edge	core_enrichment
GO:0006909	phagocytosis	145	0.715782475385077	1.81615507611472	4.06248412467514e-06	0.0221730383524769	0.0218689934879881	669	tags=13%, list=5%, signal=13%	SLC11A1/C3/IRF8/CD14/ITGB2/MFGE8/LYN/CD302/THBS1/ITGAM/CYBA/ITGAV/PTPRC/PLCG2/LDLR/UNC13D/ABCA7/NCKAP1L/YES1
GO:0032615	interleukin-12 production	32	0.879473402178281	1.78356228507934	2.17394481497636e-05	0.0395513026671365	0.039008960644874	667	tags=34%, list=5%, signal=33%	IRF8/TLR3/IRF1/THBS1/LAPTM5/IRAK3/LGALS9/PLCG2/JAK3/MDK/IL16
GO:0032655	regulation of interleukin-12 production	32	0.879473402178281	1.78356228507934	2.17394481497636e-05	0.0395513026671365	0.039008960644874	667	tags=34%, list=5%, signal=33%	IRF8/TLR3/IRF1/THBS1/LAPTM5/IRAK3/LGALS9/PLCG2/JAK3/MDK/IL16
