ID	Description	GeneRatio	BgRatio	pvalue	p.adjust	qvalue	geneID	Count
GO:0030312	external encapsulating structure	31/493	307/12540	1.4056056486346e-06	0.000299394003159169	0.000284080299513519	A1BG/A2M/ANXA2/SERPING1/C1QB/C1QC/COL1A2/COL4A2/COL5A1/HAPLN1/ECM2/ITGB4/LGALS1/LGALS9/MFGE8/TLR3/COL14A1/WNT7A/DGCR6/HPSE/NTNG1/COL5A3/ADAMTS9/FRAS1/ITIH5/CRISPLD2/NTN5/FGFBP3/OLFML2A/HMCN2/AGRN	31
GO:0031012	extracellular matrix	31/493	307/12540	1.4056056486346e-06	0.000299394003159169	0.000284080299513519	A1BG/A2M/ANXA2/SERPING1/C1QB/C1QC/COL1A2/COL4A2/COL5A1/HAPLN1/ECM2/ITGB4/LGALS1/LGALS9/MFGE8/TLR3/COL14A1/WNT7A/DGCR6/HPSE/NTNG1/COL5A3/ADAMTS9/FRAS1/ITIH5/CRISPLD2/NTN5/FGFBP3/OLFML2A/HMCN2/AGRN	31
GO:0005930	axoneme	17/493	122/12540	5.47412577376028e-06	0.000652380369596621	0.000619011766555726	DNAH8/CFAP61/SPAG8/CFAP46/CFAP43/DRC3/CFAP74/CCDC65/DNAI3/CFAP276/DNAH14/SPATA4/DNAH2/DNAH10/SPAG17/CFAP53/RSPH4A	17
GO:0097014	ciliary plasm	17/493	123/12540	6.1256372732077e-06	0.000652380369596621	0.000619011766555726	DNAH8/CFAP61/SPAG8/CFAP46/CFAP43/DRC3/CFAP74/CCDC65/DNAI3/CFAP276/DNAH14/SPATA4/DNAH2/DNAH10/SPAG17/CFAP53/RSPH4A	17
GO:0062023	collagen-containing extracellular matrix	25/493	240/12540	8.62058805350151e-06	0.000734474102158329	0.000696906486851491	A1BG/A2M/ANXA2/SERPING1/C1QB/C1QC/COL1A2/COL4A2/COL5A1/HAPLN1/ECM2/ITGB4/LGALS1/LGALS9/MFGE8/COL14A1/NTNG1/COL5A3/ADAMTS9/FRAS1/ITIH5/NTN5/FGFBP3/HMCN2/AGRN	25
GO:0005858	axonemal dynein complex	5/493	18/12540	0.000515197798016645	0.0365790436591818	0.034708062182174	DNAH8/CCDC65/DNAI3/DNAH14/DNAH2	5
