ID	Description	GeneRatio	BgRatio	pvalue	p.adjust	qvalue	geneID	Count
C0017661	IGA Glomerulonephritis	29/499	228/12242	4.91689289748548e-08	0.000278886165145376	0.000264063026978641	CCND1/C1QB/CD14/COL4A2/CX3CR1/CD55/B4GALT1/GNB3/CFH/NR4A1/MX1/PTPRC/ST6GAL1/SMN1/SPP1/TLR1/TLR3/VIP/BEST1/LAPTM5/TIMELESS/LHFPL2/HPSE/DDN/PPP1R15A/GNG2/IFIH1/HAVCR2/MIR374B	29
C3853962	Enterovirus 71 infection	5/499	9/12242	1.21303881819819e-05	0.0236845387584608	0.0224256767770891	MX1/OAS3/TLR3/IRAK3/IFIH1	5
C4552766	Miscarriage	22/499	193/12242	1.25270832643481e-05	0.0236845387584608	0.0224256767770891	CD14/COL1A2/COL5A1/CX3CR1/CD55/ECM2/NR4A1/IGFBP3/ITGB4/KLRD1/LGALS1/ABCB1/PTPRC/SGK1/TG/CORIN/TCFL5/HPSE/GP6/SHC3/HAVCR2/TINCR	22
C1861453	Pseudohyperkalemia Cardiff	15/499	109/12242	3.42868200363564e-05	0.0486187108115534	0.0460345673224975	CD14/CD38/FBL/IL10RA/LGALS9/MX1/SPP1/TLR3/SEMA5A/USP18/IFIH1/CYBRD1/SEMA6D/PNPLA3/SLC4A11	15
