ID	Description	GeneRatio	BgRatio	pvalue	p.adjust	qvalue	geneID	Count
GO:0004888	transmembrane signaling receptor activity	35/456	410/12256	3.98932893631322e-06	0.00252923454562258	0.0023684016000849	CD14/CD74/CSF1R/CSF3R/CX3CR1/ENG/FGFR4/FLT4/GABRA6/IL10RA/KLRD1/NPY1R/DDR2/OPRK1/OPRL1/P2RX4/PTPRC/SMO/TIE1/TLR1/TLR3/CRLF1/LYVE1/TAS2R3/GP6/GPR88/GPR85/TAS2R5/PLXNA3/GPRC5C/VN1R1/ADGRL4/P2RY12/OPN4/IL17RE	35
GO:0005539	glycosaminoglycan binding	16/456	128/12256	2.09163514866576e-05	0.00663048342127046	0.00620885380972363	COL5A1/HAPLN1/ECM2/ENG/FGFR4/CFH/PTPRC/HYAL2/SEMA5A/LYVE1/STAB1/COL5A3/GREM2/CRISPLD2/FGFBP3/AGRN	16
GO:0043394	proteoglycan binding	7/456	27/12256	4.38051417015313e-05	0.0075475005271898	0.00706755818916661	COL5A1/CFH/PTPRC/SEMA5A/HPSE/COL5A3/AGRN	7
GO:0019838	growth factor binding	13/456	95/12256	4.76182998560871e-05	0.0075475005271898	0.00706755818916661	A2M/COL1A2/COL5A1/ENG/FGFR4/FLT4/IGFBP3/IL10RA/ITGB4/HYAL2/RHBDF2/NKD2/FGFBP3	13
GO:0005501	retinoid binding	5/456	16/12256	0.000216748759923253	0.0229031189652238	0.0214467194029324	CRABP2/FABP5/LRAT/CYP26B1/OPN4	5
GO:0019840	isoprenoid binding	5/456	16/12256	0.000216748759923253	0.0229031189652238	0.0214467194029324	CRABP2/FABP5/LRAT/CYP26B1/OPN4	5
GO:0019955	cytokine binding	10/456	74/12256	0.0003912307239596	0.0354343255700552	0.0331810719267992	A2M/CD74/CSF1R/CSF3R/CX3CR1/ENG/IL10RA/HYAL2/CRLF1/GREM2	10
GO:0043395	heparan sulfate proteoglycan binding	4/456	11/12256	0.000506669637607311	0.0401535687803794	0.0376002204750689	CFH/PTPRC/SEMA5A/AGRN	4
