Tissue	OR	P-value	FDR
Caudate	1.2360202658916701	4.952001121418627e-09	4.952001121418627e-09
