GO	NS	enrichment	name	ratio_in_study	ratio_in_pop	p_uncorrected	depth	study_count	p_fdr_bh	study_items	Log10	Tissue	Bias	geneRatio
GO:0005829	CC	e	cytosol	69/213	5294/29107	2.679600202352406e-06	2	69	0.004697339154723768	31.0, 501.0, 547.0, 831.0, 1795.0, 1982.0, 2036.0, 2948.0, 3073.0, 3858.0, 3964.0, 4008.0, 4026.0, 5026.0, 5058.0, 5137.0, 5286.0, 5528.0, 5529.0, 6134.0, 6137.0, 6187.0, 6203.0, 6229.0, 6300.0, 6606.0, 8567.0, 8574.0, 8675.0, 9325.0, 9631.0, 9870.0, 9927.0, 10156.0, 10450.0, 10901.0, 10973.0, 11128.0, 11190.0, 11215.0, 22898.0, 23318.0, 23322.0, 23600.0, 26256.0, 26286.0, 51074.0, 51382.0, 54981.0, 55008.0, 55191.0, 55748.0, 56954.0, 57407.0, 58488.0, 64780.0, 79017.0, 79902.0, 83752.0, 83988.0, 85313.0, 85459.0, 92749.0, 93492.0, 130916.0, 161725.0, 161823.0, 440145.0, 653784.0	2.3281480819910048	dlpfc	All	0.647887323943662
GO:0005739	CC	e	mitochondrion	25/213	1305/29107	1.154394242524668e-05	5	25	0.01011826553572871	501.0, 670.0, 1159.0, 5160.0, 6300.0, 8802.0, 9927.0, 10667.0, 10863.0, 10901.0, 23600.0, 26024.0, 29078.0, 55173.0, 55687.0, 56942.0, 79085.0, 84340.0, 115286.0, 116447.0, 130916.0, 132001.0, 196294.0, 283459.0, 548596.0	1.9948939274982638	dlpfc	All	0.2347417840375587
GO:0005829	CC	e	cytosol	42/117	5294/29107	5.418105425740058e-06	2	42	0.009497938811322323	31.0, 501.0, 547.0, 831.0, 1795.0, 1982.0, 2036.0, 2948.0, 3858.0, 3964.0, 4008.0, 5026.0, 5058.0, 5528.0, 5529.0, 6203.0, 6606.0, 8567.0, 8675.0, 9325.0, 9631.0, 9870.0, 9927.0, 10156.0, 11128.0, 11190.0, 11215.0, 23318.0, 23322.0, 51382.0, 54981.0, 55008.0, 55748.0, 56954.0, 58488.0, 64780.0, 79902.0, 83988.0, 85459.0, 92749.0, 93492.0, 161725.0	2.0223706326051976	dlpfc	AA	0.717948717948718
