ID	Description	setSize	enrichmentScore	NES	pvalue	p.adjust	qvalue	rank	leading_edge	core_enrichment
C4552091	Polyarthritis, Juvenile, Rheumatoid Factor Negative	94	0.822049813578821	1.79039628043872	1.99343692208979e-06	0.0103937801117762	0.0103123639511687	830	tags=20%, list=6%, signal=19%	FOS/THBS1/DUSP2/NR4A2/FOSB/DUSP1/CD83/CD14/NR4A3/STAB1/TTLL5/JUN/HBEGF/MIR22HG/DDIT3/SLC11A1/C9orf72/DUSP4/GADD45A
C4704862	Polyarthritis, Juvenile, Rheumatoid Factor Positive	94	0.822049813578821	1.79039628043872	1.99343692208979e-06	0.0103937801117762	0.0103123639511687	830	tags=20%, list=6%, signal=19%	FOS/THBS1/DUSP2/NR4A2/FOSB/DUSP1/CD83/CD14/NR4A3/STAB1/TTLL5/JUN/HBEGF/MIR22HG/DDIT3/SLC11A1/C9orf72/DUSP4/GADD45A
C3714758	Juvenile psoriatic arthritis	96	0.821478013893916	1.79685883686826	4.5373334286791e-06	0.0157717709980885	0.0156482281650831	830	tags=20%, list=6%, signal=19%	FOS/THBS1/DUSP2/NR4A2/FOSB/DUSP1/CD83/CD14/NR4A3/STAB1/TTLL5/JUN/HBEGF/MIR22HG/DDIT3/SLC11A1/C9orf72/DUSP4/GADD45A
C1522378	Leukemia, Large Granular Lymphocytic	36	0.908605344349628	1.74607460625586	1.29856159241899e-05	0.0338535007143632	0.0335883207681218	282	tags=19%, list=2%, signal=19%	FOS/DUSP2/TNFRSF1B/MICA/HCLS1/TNFAIP3/TP53
