ID	Description	GeneRatio	BgRatio	pvalue	p.adjust	qvalue	geneID	Count
GO:0004888	transmembrane signaling receptor activity	35/466	413/12387	6.02372135457914e-06	0.00383108678151233	0.00358886977546505	CD14/CD74/CSF1R/CSF3R/CX3CR1/ENG/FGFR4/FLT4/GABRA6/IL10RA/KLRD1/NPY1R/DDR2/OPRK1/OPRL1/P2RX4/PTPRC/SMO/TIE1/TLR1/TLR3/CRLF1/LYVE1/TAS2R3/GP6/GPR88/GPR85/TAS2R5/PLXNA3/GPRC5C/VN1R1/ADGRL4/P2RY12/OPN4/IL17RE	35
GO:0005539	glycosaminoglycan binding	16/466	130/12387	2.91371859728382e-05	0.0084902564926108	0.00795346768423984	COL5A1/HAPLN1/ECM2/ENG/FGFR4/CFH/PTPRC/HYAL2/SEMA5A/LYVE1/STAB1/COL5A3/GREM2/CRISPLD2/FGFBP3/AGRN	16
GO:0043394	proteoglycan binding	7/466	27/12387	4.70234744029941e-05	0.0084902564926108	0.00795346768423984	COL5A1/CFH/PTPRC/SEMA5A/HPSE/COL5A3/AGRN	7
GO:0019838	growth factor binding	13/466	95/12387	5.33978395761685e-05	0.0084902564926108	0.00795346768423984	A2M/COL1A2/COL5A1/ENG/FGFR4/FLT4/IGFBP3/IL10RA/ITGB4/HYAL2/RHBDF2/NKD2/FGFBP3	13
GO:0005501	retinoid binding	5/466	16/12387	0.000228284244309985	0.0241981298968584	0.0226682249613073	CRABP2/FABP5/LRAT/CYP26B1/OPN4	5
GO:0019840	isoprenoid binding	5/466	16/12387	0.000228284244309985	0.0241981298968584	0.0226682249613073	CRABP2/FABP5/LRAT/CYP26B1/OPN4	5
GO:0019955	cytokine binding	10/466	74/12387	0.00042715146845257	0.0388097619908335	0.0363560497961135	A2M/CD74/CSF1R/CSF3R/CX3CR1/ENG/IL10RA/HYAL2/CRLF1/GREM2	10
GO:0043395	heparan sulfate proteoglycan binding	4/466	11/12387	0.00052847337803447	0.0420136335537404	0.0393573594694092	CFH/PTPRC/SEMA5A/AGRN	4
