ID	Description	GeneRatio	BgRatio	pvalue	p.adjust	qvalue	geneID	Count
C0017661	IGA Glomerulonephritis	29/509	232/12382	8.71463201831996e-08	0.000496908317684604	0.000472699987267398	CCND1/C1QB/CD14/COL4A2/CX3CR1/CD55/B4GALT1/GNB3/CFH/NR4A1/MX1/PTPRC/ST6GAL1/SMN1/SPP1/TLR1/TLR3/VIP/BEST1/LAPTM5/TIMELESS/LHFPL2/HPSE/DDN/PPP1R15A/GNG2/IFIH1/HAVCR2/MIR374B	29
C3853962	Enterovirus 71 infection	5/509	9/12382	1.26448024184682e-05	0.0260784586014286	0.0248079708270712	MX1/OAS3/TLR3/IRAK3/IFIH1	5
C0007570	Celiac Disease	27/509	270/12382	1.80212636163337e-05	0.0260784586014286	0.0248079708270712	CD14/CD38/CX3CR1/DNAH8/LGALS1/CIITA/MICB/ABCB1/PLEK/PTPRC/SGK1/TAP2/TG/TGM1/TLR3/TNFAIP3/VIP/BEST1/GATD3/TMEM187/LRAT/ACSL5/IFIH1/PNPLA3/IL17RE/THEMIS/ZGLP1	27
C4552766	Miscarriage	22/509	196/12382	1.82942536663828e-05	0.0260784586014286	0.0248079708270712	CD14/COL1A2/COL5A1/CX3CR1/CD55/ECM2/NR4A1/IGFBP3/ITGB4/KLRD1/LGALS1/ABCB1/PTPRC/SGK1/TG/CORIN/TCFL5/HPSE/GP6/SHC3/HAVCR2/TINCR	22
C0027430	Nasal Polyps	24/509	234/12382	3.47638510082705e-05	0.0396446956898317	0.0377132893148669	A2M/ARG2/CD14/EIF4EBP1/EPAS1/GLRX/LGALS1/LGALS9/CIITA/COX1/ABCB1/PTPRC/SIPA1/SMN1/SPP1/TAP2/TLR1/TLR3/CCNO/HPSE/ZMYND10/HAVCR2/CCDC65/RSPH4A	24
C1861453	Pseudohyperkalemia Cardiff	15/509	110/12382	4.21997635229583e-05	0.0401038419346514	0.0381500669182113	CD14/CD38/FBL/IL10RA/LGALS9/MX1/SPP1/TLR3/SEMA5A/USP18/IFIH1/CYBRD1/SEMA6D/PNPLA3/SLC4A11	15
C0149745	Oral Ulcer	10/509	53/12382	4.99628635529278e-05	0.0406240866651218	0.0386449664172077	IRF8/LGALS1/PTPRC/SPP1/TAP2/TNFAIP3/CRLF1/IFIH1/GSDMD/GIMAP6	10
C0272242	Complement deficiency disease	6/509	18/12382	5.69962632972596e-05	0.0406240866651218	0.0386449664172077	SERPING1/C1QB/C1QC/C4B/CD55/CFH	6
