Modules	Pvalue	FDR	Tissue
MEblack	0.0950626605555895	0.416892475560749	Hippocampus
MEblue	0.0987376915801773	0.416892475560749	Hippocampus
MEbrown	0.000995663855281124	0.0378352265006827	Hippocampus
MEcyan	0.872547681051255	0.913939333724395	Hippocampus
MEdarkgreen	0.454663288894884	0.725686135354068	Hippocampus
MEdarkgrey	0.496522092610678	0.725686135354068	Hippocampus
MEdarkmagenta	0.595785491785598	0.757083064496604	Hippocampus
MEdarkolivegreen	0.131803335770078	0.500852675926298	Hippocampus
MEdarkorange	0.551264416813553	0.757083064496604	Hippocampus
MEdarkred	0.416514697133478	0.725686135354068	Hippocampus
MEdarkturquoise	0.671946250419833	0.797936172373551	Hippocampus
MEgreen	0.227765415326934	0.665775829417192	Hippocampus
MEgreenyellow	0.485640800746852	0.725686135354068	Hippocampus
MEgrey	0.00382962910067002	0.0727629529127304	Hippocampus
MEgrey60	0.28897299950905	0.725686135354068	Hippocampus
MElightcyan	0.479087749586798	0.725686135354068	Hippocampus
MElightgreen	0.0648254094890909	0.410560926764242	Hippocampus
MElightyellow	0.991577068769919	0.991577068769919	Hippocampus
MEmagenta	0.321368886766243	0.725686135354068	Hippocampus
MEmidnightblue	0.560411599226236	0.757083064496604	Hippocampus
MEorange	0.266606058396172	0.723645015646754	Hippocampus
MEpaleturquoise	0.737450821518268	0.843141000659533	Hippocampus
MEpink	0.0818719988239705	0.416892475560749	Hippocampus
MEpurple	0.754389316379582	0.843141000659533	Hippocampus
MEred	0.884155177528112	0.913939333724395	Hippocampus
MEroyalblue	0.0280519149865549	0.266493192372271	Hippocampus
MEsaddlebrown	0.0245025390559225	0.266493192372271	Hippocampus
MEsalmon	0.395775938139708	0.725686135354068	Hippocampus
MEsienna3	0.393209989357891	0.725686135354068	Hippocampus
MEskyblue	0.889888298626385	0.913939333724395	Hippocampus
MEskyblue3	0.427156229658486	0.725686135354068	Hippocampus
MEsteelblue	0.222513290096101	0.665775829417192	Hippocampus
MEtan	0.59769715618153	0.757083064496604	Hippocampus
MEturquoise	0.0591064274644057	0.410560926764242	Hippocampus
MEviolet	0.342751402546486	0.725686135354068	Hippocampus
MEwhite	0.172978395321283	0.597561729291703	Hippocampus
MEyellow	0.666905706275604	0.797936172373551	Hippocampus
MEyellowgreen	0.368340183376212	0.725686135354068	Hippocampus
