ID	Description	setSize	enrichmentScore	NES	pvalue	p.adjust	qvalue	rank	leading_edge	core_enrichment
GO:0035579	specific granule membrane	58	0.79769843405231	1.77507054173232	6.20127522289996e-05	0.0218284887846079	0.0215412718269156	856	tags=19%, list=6%, signal=18%	CYBB/ITGB2/TMEM63A/SLC2A5/ITGAM/CYBA/ITGAV/TNFRSF1B/TMC6/RAP2B/STOM
GO:0097504	Gemini of coiled bodies	11	-0.960260538741193	-1.66981190659126	4.59228666102206e-05	0.0218284887846079	0.0215412718269156	2	tags=18%, list=0%, signal=18%	GEMIN5/SMN1
GO:0034719	SMN-Sm protein complex	16	-0.927414596141212	-1.70062959967863	0.000124544330859515	0.0292264029750327	0.0288418450411507	2	tags=12%, list=0%, signal=13%	GEMIN5/SMN1
GO:0098552	side of membrane	331	0.551551761220893	1.51111191072532	0.000217749037449535	0.0383238305911181	0.0378195696622876	1560	tags=22%, list=11%, signal=20%	CD163/ACKR2/CD14/GNB3/ATP2C2/ITGB2/GRAMD2A/ENG/MFGE8/CD163L1/LYN/CHRNA4/ABCB1/CD74/B4GALT1/CD302/PTPN22/THBS1/ITGAM/HYAL2/SLA/IL4R/CSF3R/TF/CLEC4G/TMC1/ABCG2/FES/IGSF21/HEG1/GNG2/TNFRSF14/ITGAV/PTPRC/IL13RA2/LDLR/ITGA8/FRK/ITGAX/CUBN/YES1/CD83/ATP1B2/MCAM/CD8A/ITGA5/ITGA10/SLC7A5/GNB4/BTNL9/BCAM/SYAP1/TGFBR2/PALM/IL27RA/BORCS8/F3/CDK16/CLEC14A/MYH9/TCN2/PPP3CA/IL12RB1/CYTH1/GNA14/FERMT2/PDGFRA/GNG7/FCGRT/CD200R1/TNK2/CDH13/PGM5/AKAP5
GO:0042581	specific granule	100	0.685985708769941	1.64013141294609	0.000301647639274468	0.0424719876098452	0.0419131456676104	902	tags=18%, list=6%, signal=17%	CYBB/ITGB2/TMEM63A/SLC2A5/HPSE/ITGAM/CYBA/CHI3L1/DNASE1L1/ITGAV/TNFRSF1B/FRK/TMC6/PTPN6/RAP2B/STOM/QPCT/STX4
