ID	Description	GeneRatio	BgRatio	pvalue	p.adjust	qvalue	geneID	Count
C0017661	IGA Glomerulonephritis	29/504	228/12288	5.63550746255918e-08	0.000319871403574859	0.000302715732436205	CCND1/C1QB/CD14/COL4A2/CX3CR1/CD55/B4GALT1/GNB3/CFH/NR4A1/MX1/PTPRC/ST6GAL1/SMN1/SPP1/TLR1/TLR3/VIP/BEST1/LAPTM5/TIMELESS/LHFPL2/HPSE/DDN/PPP1R15A/GNG2/IFIH1/HAVCR2/MIR374B	29
C3853962	Enterovirus 71 infection	5/504	9/12288	1.25050047738857e-05	0.0261347392380616	0.0247330541025608	MX1/OAS3/TLR3/IRAK3/IFIH1	5
C4552766	Miscarriage	22/504	193/12288	1.38132871237112e-05	0.0261347392380616	0.0247330541025608	CD14/COL1A2/COL5A1/CX3CR1/CD55/ECM2/NR4A1/IGFBP3/ITGB4/KLRD1/LGALS1/ABCB1/PTPRC/SGK1/TG/CORIN/TCFL5/HPSE/GP6/SHC3/HAVCR2/TINCR	22
