ID	Description	GeneRatio	BgRatio	pvalue	p.adjust	qvalue	geneID	Count
GO:0004888	transmembrane signaling receptor activity	35/461	410/12299	4.71143975004453e-06	0.00298705280152823	0.00279710738844749	CD14/CD74/CSF1R/CSF3R/CX3CR1/ENG/FGFR4/FLT4/GABRA6/IL10RA/KLRD1/NPY1R/DDR2/OPRK1/OPRL1/P2RX4/PTPRC/SMO/TIE1/TLR1/TLR3/CRLF1/LYVE1/TAS2R3/GP6/GPR88/GPR85/TAS2R5/PLXNA3/GPRC5C/VN1R1/ADGRL4/P2RY12/OPN4/IL17RE	35
GO:0005539	glycosaminoglycan binding	16/461	129/12299	2.52714193974923e-05	0.00801103994900507	0.00750162133693983	COL5A1/HAPLN1/ECM2/ENG/FGFR4/CFH/PTPRC/HYAL2/SEMA5A/LYVE1/STAB1/COL5A3/GREM2/CRISPLD2/FGFBP3/AGRN	16
GO:0043394	proteoglycan binding	7/461	27/12299	4.5928517248367e-05	0.0081465022358232	0.00762846963474064	COL5A1/CFH/PTPRC/SEMA5A/HPSE/COL5A3/AGRN	7
GO:0019838	growth factor binding	13/461	95/12299	5.13974904468341e-05	0.0081465022358232	0.00762846963474064	A2M/COL1A2/COL5A1/ENG/FGFR4/FLT4/IGFBP3/IL10RA/ITGB4/HYAL2/RHBDF2/NKD2/FGFBP3	13
GO:0005501	retinoid binding	5/461	16/12299	0.000224390082593025	0.023710552060663	0.0222028081723625	CRABP2/FABP5/LRAT/CYP26B1/OPN4	5
GO:0019840	isoprenoid binding	5/461	16/12299	0.000224390082593025	0.023710552060663	0.0222028081723625	CRABP2/FABP5/LRAT/CYP26B1/OPN4	5
GO:0019955	cytokine binding	10/461	74/12299	0.000414854496345685	0.0375739643833092	0.0351846520208972	A2M/CD74/CSF1R/CSF3R/CX3CR1/ENG/IL10RA/HYAL2/CRLF1/GREM2	10
GO:0043395	heparan sulfate proteoglycan binding	4/461	11/12299	0.000521142137457587	0.0413005143935137	0.038674232306063	CFH/PTPRC/SEMA5A/AGRN	4
