ID	Description	GeneRatio	BgRatio	pvalue	p.adjust	qvalue	geneID	Count
GO:0030312	external encapsulating structure	31/498	307/12583	1.61965743598253e-06	0.000347416520018253	0.000330751097453275	A1BG/A2M/ANXA2/SERPING1/C1QB/C1QC/COL1A2/COL4A2/COL5A1/HAPLN1/ECM2/ITGB4/LGALS1/LGALS9/MFGE8/TLR3/COL14A1/WNT7A/DGCR6/HPSE/NTNG1/COL5A3/ADAMTS9/FRAS1/ITIH5/CRISPLD2/NTN5/FGFBP3/OLFML2A/HMCN2/AGRN	31
GO:0031012	extracellular matrix	31/498	307/12583	1.61965743598253e-06	0.000347416520018253	0.000330751097453275	A1BG/A2M/ANXA2/SERPING1/C1QB/C1QC/COL1A2/COL4A2/COL5A1/HAPLN1/ECM2/ITGB4/LGALS1/LGALS9/MFGE8/TLR3/COL14A1/WNT7A/DGCR6/HPSE/NTNG1/COL5A3/ADAMTS9/FRAS1/ITIH5/CRISPLD2/NTN5/FGFBP3/OLFML2A/HMCN2/AGRN	31
GO:0005930	axoneme	17/498	122/12583	5.98341210229737e-06	0.00071791363252534	0.00068347562119944	DNAH8/CFAP61/SPAG8/CFAP46/CFAP43/DRC3/CFAP74/CCDC65/DNAI3/CFAP276/DNAH14/SPATA4/DNAH2/DNAH10/SPAG17/CFAP53/RSPH4A	17
GO:0097014	ciliary plasm	17/498	123/12583	6.69383340349967e-06	0.00071791363252534	0.00068347562119944	DNAH8/CFAP61/SPAG8/CFAP46/CFAP43/DRC3/CFAP74/CCDC65/DNAI3/CFAP276/DNAH14/SPATA4/DNAH2/DNAH10/SPAG17/CFAP53/RSPH4A	17
GO:0062023	collagen-containing extracellular matrix	25/498	240/12583	9.67831267213777e-06	0.000830399227269421	0.000790565329850411	A1BG/A2M/ANXA2/SERPING1/C1QB/C1QC/COL1A2/COL4A2/COL5A1/HAPLN1/ECM2/ITGB4/LGALS1/LGALS9/MFGE8/COL14A1/NTNG1/COL5A3/ADAMTS9/FRAS1/ITIH5/NTN5/FGFBP3/HMCN2/AGRN	25
GO:0005858	axonemal dynein complex	5/498	18/12583	0.000531214972273462	0.0379818705175525	0.0361598963582637	DNAH8/CCDC65/DNAI3/DNAH14/DNAH2	5
