ID	Description	GeneRatio	BgRatio	pvalue	p.adjust	qvalue	geneID	Count
C4551571	Cranioectodermal dysplasia	7/932	8/8453	1.40425652400161e-06	0.00915153976691852	0.00901089238980405	DPH1/IFT140/IFT52/IFT122/WDR35/WDR19/IFT43	7
C0265275	Jeune thoracic dystrophy	11/932	23/8453	1.06583860726116e-05	0.0182990601734019	0.018017827191565	CFAP410/LBR/IFT140/KIAA0586/IFT172/IFT81/FLVCR1/DYNC2LI1/WDR35/WDR19/DYNC2H1	11
C1837482	Thoracic hypoplasia	11/932	23/8453	1.06583860726116e-05	0.0182990601734019	0.018017827191565	CFAP410/COL11A1/FLNB/SOX9/KIAA0586/IFT172/IFT81/DYNC2LI1/WDR19/DYNC2H1/IFT43	11
C0432235	CRANIOECTODERMAL DYSPLASIA 1	6/932	7/8453	1.12315851915924e-05	0.0182990601734019	0.018017827191565	DPH1/IFT52/IFT122/WDR35/WDR19/IFT43	6
C3806482	Recurrent respiratory infections	34/932	146/8453	1.55838433216875e-05	0.0203119813854875	0.0199998123976857	XIAP/CACNA1B/LYST/DKC1/FUCA1/GAA/GTF2I/ITGA7/MCM4/PSAP/NECTIN1/RYR1/SMN1/SNAP25/SNRPN/STAT1/TSC1/TYK2/ARID1A/TRIP4/KIAA0586/ZBTB24/MALT1/POLR3A/VPS13A/DNAH1/RTEL1/HYDIN/NGLY1/SELENON/EPG5/EHMT1/CTC1/RSPH3	34
C0036996	Short Rib-Polydactyly Syndrome	9/932	17/8453	2.47754796787583e-05	0.0269103001777446	0.0264967235301246	IFT140/KIAA0586/IFT172/FLVCR1/IFT52/DYNC2LI1/WDR35/DYNC2H1/IFT43	9
