Tissue	OR	P-value	FDR
Caudate	5.358053242882105	8.754305898426246e-46	8.754305898426246e-46
Dentate Gyrus	1.4741444985433974	2.358565912584887e-46	3.1447545501131824e-46
DLPFC	5.299845195652105	2.884522149819313e-51	1.1538088599277253e-50
Hippocampus	4.647646504274881	6.100955593525165e-48	1.220191118705033e-47
