Feature	Pvalue	DEG_mean	DEG_sd	Other_mean	Other_sd	Region
eGene	0.003228312521255197	0.20563105766967668	0.12058429066451437	0.19484075950451482	0.12148990240276517	Caudate
eSNP	0.05131352141125742	0.2003319970384995	0.1609080137844548	0.18732497025878717	0.14508809038372583	Caudate
eGene	0.027007996940546668	0.202001765862881	0.11802102081327294	0.1947479441411889	0.12269705177637466	Dentate Gyrus
eSNP	0.0015562186656168534	0.20629940304182506	0.1573073488008703	0.18834311290566036	0.14559770926581425	Dentate Gyrus
eGene	0.0008311493812250864	0.2123726401955655	0.12791454468839616	0.19545026144816588	0.12071261358995922	DLPFC
eSNP	0.029240684009386564	0.20387428728606358	0.16593248531369997	0.1868820873076337	0.14534118068684385	DLPFC
eGene	0.007092660566884719	0.2059511641967423	0.11948233345400301	0.1952146702788769	0.12137566311019488	Hippocampus
eSNP	0.0037538557682475536	0.20297204150943396	0.15696357638876826	0.18613446204118855	0.14624835478644682	Hippocampus
