""	BaselineProp	PropMean.DLPFC	PropMean.HPC	PropMean.NAc	Fstatistic	P.Value	FDR
MG1	0.241058304752572	0.0633475294516484	0.278937029498254	0.377583978865005	2.77561365186024	0.0623112275543445	0.311556137771722
MG4	0.123468887800098	0.303632723112128	0.0628343730555644	0.132998856940349	1.76537286554821	0.171122968728413	0.427807421821033
MG3	0.0769230769230769	0.143608568522756	0.0515841400394177	0.049999758163903	0.456924135022176	0.633228378097396	0.724862103819552
MG2	0.279764821166095	0.291486566658191	0.31651538303239	0.237949771040964	0.352442996928901	0.702968640040013	0.724862103819552
MG0	0.278784909358158	0.197924612255276	0.290129074374374	0.20146763498978	0.321773843846291	0.724862103819552	0.724862103819552
