""	BaselineProp	PropMean.DLPFC	PropMean.HPC	PropMean.NAc	Fstatistic	P.Value	FDR
Oligo1	0.425575681389635	0.685606067037718	0.442149129328515	0.151883031709531	10.4581934278929	0.00373748930904502	0.0224249358542701
OPC1	0.00388549225758528	0.00145775309174002	0.0080370167415258	0.000550660792951542	7.8635862669117	0.00923465772579759	0.0277039731773928
immatureOL	0.189474887149306	0.0407534273130157	0.0977809326875907	0.376771339159285	3.13661732906859	0.088702714773789	0.177405429547578
Oligo2	0.225301411347923	0.164578200838804	0.367375967903876	0.162750123035746	2.43811792208719	0.138410245893177	0.207615368839766
Oligo3	0.155533969487458	0.107330890497349	0.0843991549368426	0.308044845302487	1.42715587675198	0.285942918219859	0.34313150186383
OPC2	0.000228558368093252	0.00027366122137364	0.00025779840164991	0	0.973229640269905	0.411706070322478	0.411706070322478
