""	BaselineProp	PropMean.DLPFC	PropMean.HPC	PropMean.NAc	Fstatistic	P.Value	FDR
AST7	0.0642412323828253	0.0184547582977551	0.0118803418803419	0.159244851280927	3.48559588846805	0.0531241641842167	0.381915182085461
AST4	0.0373647984267453	0.0842432827696566	0.0245009861932939	0.00183330096378605	2.39045379738633	0.12074571242626	0.381915182085461
AST1	0.221894460832514	0.227434893527718	0.290853506935621	0.131331183897334	1.92236108219037	0.175827321992787	0.381915182085461
AST5	0.0294985250737463	0.0048661800486618	0.000657462195923735	0.0512406601645608	1.55585882297084	0.238749945560539	0.381915182085461
AST8	0.0891510980006555	0.122871046228711	0.0066564296172602	0.155399446683182	1.49969108345871	0.250449193671178	0.381915182085461
AST0	0.262536873156342	0.350204287747326	0.432016117907576	0.194650532437504	1.48041594464615	0.254610121390308	0.381915182085461
AST6	0.106850213044903	0.0151789403269916	0.042620644312952	0.125768537541138	0.506075995292765	0.611389265808359	0.74936709313134
AST3	0.133726647000983	0.157973780339846	0.153247121081949	0.118047706033668	0.41586228060778	0.666104082783413	0.74936709313134
AST2	0.0547361520812848	0.0187728307133348	0.0375673898750822	0.0624837809979024	0.121104814780218	0.886674982715573	0.886674982715573
