Tissue	OR	P-value	FDR
Caudate	2.084320881972333	2.9739834184934216e-16	5.947966836986843e-16
Dentate Gyrus	2.2142097477560125	2.22550352199943e-27	8.90201408799772e-27
DLPFC	2.0556867309104314	4.3762599126602305e-15	4.3762599126602305e-15
Hippocampus	2.10615235623111	9.529400761422505e-16	1.2705867681896674e-15
