Tissue	OR	P-value	FDR
Caudate	3.202918043531693	3.6140077248055868e-34	7.2280154496111735e-34
Dentate Gyrus	2.2552209736887	1.9992520841850247e-30	1.9992520841850247e-30
DLPFC	3.2452102213734997	9.831440772959523e-37	3.932576309183809e-36
Hippocampus	3.0608810076539408	6.190604384323978e-33	8.254139179098638e-33
